BMC_sample_name	R2_path	R1_path	sample_key	seq	Average_Size (bp)	Concentration (ng/uL)	Well_Number	Treatment	Rep	Exp_Day	sample
D24-12604	/orcd/data/chisholm/001/chisholmlab/experiment_repository/2024/240805Chi/D24-12604-6842R/240805Chi_D24-12604_2_sequence.fastq	/orcd/data/chisholm/001/chisholmlab/experiment_repository/2024/240805Chi/D24-12604-6842R/240805Chi_D24-12604_1_sequence.fastq	61374	(AACTTGAC+CTGCTAGC)	288	9360.0	G6	MED4ax + 1904	B	5	MED4ax_1904_B1_DAY5
D24-12608	/orcd/data/chisholm/001/chisholmlab/experiment_repository/2024/240805Chi/D24-12608-6842R/240805Chi_D24-12608_2_sequence.fastq	/orcd/data/chisholm/001/chisholmlab/experiment_repository/2024/240805Chi/D24-12608-6842R/240805Chi_D24-12608_1_sequence.fastq	61384	(CATGATCG+GGAGAGTA)	271	4480.0	A8	MED4ax + 1940	C	5	MED4ax_1940_C1_DAY5
D24-12605	/orcd/data/chisholm/001/chisholmlab/experiment_repository/2024/240805Chi/D24-12605-6842R/240805Chi_D24-12605_2_sequence.fastq	/orcd/data/chisholm/001/chisholmlab/experiment_repository/2024/240805Chi/D24-12605-6842R/240805Chi_D24-12605_1_sequence.fastq	61375	(ATTCTAGG+GCCAAGAA)	271	813.3333333333334	H6	MED4ax + 1904	C	5	MED4ax_1904_C1_DAY5
D24-12606	/orcd/data/chisholm/001/chisholmlab/experiment_repository/2024/240805Chi/D24-12606-6842R/240805Chi_D24-12606_2_sequence.fastq	/orcd/data/chisholm/001/chisholmlab/experiment_repository/2024/240805Chi/D24-12606-6842R/240805Chi_D24-12606_1_sequence.fastq	61382	(GACAGTAA+GTAATCGC)	294	16400.0	G7	MED4ax + 1940	A	5	MED4ax_1940_A1_DAY5
D24-12607	/orcd/data/chisholm/001/chisholmlab/experiment_repository/2024/240805Chi/D24-12607-6842R/240805Chi_D24-12607_2_sequence.fastq	/orcd/data/chisholm/001/chisholmlab/experiment_repository/2024/240805Chi/D24-12607-6842R/240805Chi_D24-12607_1_sequence.fastq	61383	(CCTTCGCA+AAGTGATG)	275	14800.0	H7	MED4ax + 1940	B	5	MED4ax_1940_B1_DAY5
D24-12597	/orcd/data/chisholm/001/chisholmlab/experiment_repository/2024/240805Chi/D24-12597-6842R/240805Chi_D24-12597_2_sequence.fastq	/orcd/data/chisholm/001/chisholmlab/experiment_repository/2024/240805Chi/D24-12597-6842R/240805Chi_D24-12597_1_sequence.fastq	61352	(ACACGATC+ATGGTATT)	289	2870.0	A4	MED4ax + 1904	A	4	MED4ax_1904_A1_DAY4
D24-12600	/orcd/data/chisholm/001/chisholmlab/experiment_repository/2024/240805Chi/D24-12600-6842R/240805Chi_D24-12600_2_sequence.fastq	/orcd/data/chisholm/001/chisholmlab/experiment_repository/2024/240805Chi/D24-12600-6842R/240805Chi_D24-12600_1_sequence.fastq	61361	(TTCGCTGA+AATATGCG)	307	8620.0	B5	MED4ax + 1940	A	4	MED4ax_1940_A1_DAY4
D24-12596	/orcd/data/chisholm/001/chisholmlab/experiment_repository/2024/240805Chi/D24-12596-6842R/240805Chi_D24-12596_2_sequence.fastq	/orcd/data/chisholm/001/chisholmlab/experiment_repository/2024/240805Chi/D24-12596-6842R/240805Chi_D24-12596_1_sequence.fastq	61340	(CTGTAATC+AAGCAATT)	282	2650.0	E2	MED4ax + 1940	A	2	MED4ax_1940_A1_DAY2
D24-12601	/orcd/data/chisholm/001/chisholmlab/experiment_repository/2024/240805Chi/D24-12601-6842R/240805Chi_D24-12601_2_sequence.fastq	/orcd/data/chisholm/001/chisholmlab/experiment_repository/2024/240805Chi/D24-12601-6842R/240805Chi_D24-12601_1_sequence.fastq	61362	(CATGCTTA+TAATTCAT)	323	8960.0	C5	MED4ax + 1940	B	4	MED4ax_1940_B1_DAY4
D24-12599	/orcd/data/chisholm/001/chisholmlab/experiment_repository/2024/240805Chi/D24-12599-6842R/240805Chi_D24-12599_2_sequence.fastq	/orcd/data/chisholm/001/chisholmlab/experiment_repository/2024/240805Chi/D24-12599-6842R/240805Chi_D24-12599_1_sequence.fastq	61354	(TGTCGGAT+AAGCCTGA)	309	10300.0	C4	MED4ax + 1904	C	4	MED4ax_1904_C1_DAY4
D24-12602	/orcd/data/chisholm/001/chisholmlab/experiment_repository/2024/240805Chi/D24-12602-6842R/240805Chi_D24-12602_2_sequence.fastq	/orcd/data/chisholm/001/chisholmlab/experiment_repository/2024/240805Chi/D24-12602-6842R/240805Chi_D24-12602_1_sequence.fastq	61363	(AAGTAGAG+CAGTCGAT)	322	14600.0	D5	MED4ax + 1940	C	4	MED4ax_1940_C1_DAY4
D24-12595	/orcd/data/chisholm/001/chisholmlab/experiment_repository/2024/240805Chi/D24-12595-6842R/240805Chi_D24-12595_2_sequence.fastq	/orcd/data/chisholm/001/chisholmlab/experiment_repository/2024/240805Chi/D24-12595-6842R/240805Chi_D24-12595_1_sequence.fastq	61332	(TCTGCAAG+AAGGTGAA)	195	870.0	E1	MED4ax + 1904	B	2	MED4ax_1904_B1_DAY2
D24-12598	/orcd/data/chisholm/001/chisholmlab/experiment_repository/2024/240805Chi/D24-12598-6842R/240805Chi_D24-12598_2_sequence.fastq	/orcd/data/chisholm/001/chisholmlab/experiment_repository/2024/240805Chi/D24-12598-6842R/240805Chi_D24-12598_1_sequence.fastq	61353	(GTATAACA+GTGAAGCA)	319	12200.0	B4	MED4ax + 1904	B	4	MED4ax_1904_B1_DAY4
D24-12603	/orcd/data/chisholm/001/chisholmlab/experiment_repository/2024/240805Chi/D24-12603-6842R/240805Chi_D24-12603_2_sequence.fastq	/orcd/data/chisholm/001/chisholmlab/experiment_repository/2024/240805Chi/D24-12603-6842R/240805Chi_D24-12603_1_sequence.fastq	61373	(ATAGCGTC+CTGGAGTA)	306	9840.0	F6	MED4ax + 1904	A	5	MED4ax_1904_A1_DAY5
D24-12594	/orcd/data/chisholm/001/chisholmlab/experiment_repository/2024/240805ChiA/D24-12594-6842R/240805ChiA_D24-12594_2_sequence.fastq	/orcd/data/chisholm/001/chisholmlab/experiment_repository/2024/240805ChiA/D24-12594-6842R/240805ChiA_D24-12594_1_sequence.fastq	61390	(TCCAGCAA+GGCCAATT)	276	15100.0	G8	MED4ax + all	C	5	MED4ax_all_C1_DAY5
D24-12593	/orcd/data/chisholm/001/chisholmlab/experiment_repository/2024/240805ChiA/D24-12593-6842R/240805ChiA_D24-12593_2_sequence.fastq	/orcd/data/chisholm/001/chisholmlab/experiment_repository/2024/240805ChiA/D24-12593-6842R/240805ChiA_D24-12593_1_sequence.fastq	61389	(CGTTACCA+TAGCGTTC)	303	17200.0	F8	MED4ax + all	B	5	MED4ax_all_B1_DAY5
D24-12589	/orcd/data/chisholm/001/chisholmlab/experiment_repository/2024/240805ChiA/D24-12589-6842R/240805ChiA_D24-12589_2_sequence.fastq	/orcd/data/chisholm/001/chisholmlab/experiment_repository/2024/240805ChiA/D24-12589-6842R/240805ChiA_D24-12589_1_sequence.fastq	61367	(CCTACCAT+TAGGAAGC)	296	5650.0	H5	MED4ax + all	A	4	MED4ax_all_A1_DAY4
D24-12592	/orcd/data/chisholm/001/chisholmlab/experiment_repository/2024/240805ChiA/D24-12592-6842R/240805ChiA_D24-12592_2_sequence.fastq	/orcd/data/chisholm/001/chisholmlab/experiment_repository/2024/240805ChiA/D24-12592-6842R/240805ChiA_D24-12592_1_sequence.fastq	61388	(CAGCAAGG+GTTAGAGG)	311	14700.0	E8	MED4ax + all	A	5	MED4ax_all_A1_DAY5
D24-12588	/orcd/data/chisholm/001/chisholmlab/experiment_repository/2024/240805ChiA/D24-12588-6842R/240805ChiA_D24-12588_2_sequence.fastq	/orcd/data/chisholm/001/chisholmlab/experiment_repository/2024/240805ChiA/D24-12588-6842R/240805ChiA_D24-12588_1_sequence.fastq	61348	(GCCGTCGA+GTGATTAA)	282	2080.0	E3	MED4ax + all	C	2	MED4ax_all_C1_DAY2
D24-12591	/orcd/data/chisholm/001/chisholmlab/experiment_repository/2024/240805ChiA/D24-12591-6842R/240805ChiA_D24-12591_2_sequence.fastq	/orcd/data/chisholm/001/chisholmlab/experiment_repository/2024/240805ChiA/D24-12591-6842R/240805ChiA_D24-12591_1_sequence.fastq	61369	(CCAGTTAG+ATGACAGG)	297	15100.0	B6	MED4ax + all	C	4	MED4ax_all_C1_DAY4
D24-12587	/orcd/data/chisholm/001/chisholmlab/experiment_repository/2024/240805ChiA/D24-12587-6842R/240805ChiA_D24-12587_2_sequence.fastq	/orcd/data/chisholm/001/chisholmlab/experiment_repository/2024/240805ChiA/D24-12587-6842R/240805ChiA_D24-12587_1_sequence.fastq	61346	(ATTCCTCT+AATATCGC)	304	13400.0	C3	MED4ax + all	A	2	MED4ax_all_A1_DAY2
D24-12590	/orcd/data/chisholm/001/chisholmlab/experiment_repository/2024/240805ChiA/D24-12590-6842R/240805ChiA_D24-12590_2_sequence.fastq	/orcd/data/chisholm/001/chisholmlab/experiment_repository/2024/240805ChiA/D24-12590-6842R/240805ChiA_D24-12590_1_sequence.fastq	61368	(TGCTCGAC+TTAAGGAT)	268	16500.0	A6	MED4ax + all	B	4	MED4ax_all_B1_DAY4
